-- phpMyAdmin SQL Dump
-- version 5.2.1
-- https://www.phpmyadmin.net/
--
-- Host: 127.0.0.1
-- Generation Time: Mar 22, 2024 at 08:51 PM
-- Server version: 10.4.32-MariaDB
-- PHP Version: 8.2.12

SET SQL_MODE = "NO_AUTO_VALUE_ON_ZERO";
START TRANSACTION;
SET time_zone = "+00:00";


/*!40101 SET @OLD_CHARACTER_SET_CLIENT=@@CHARACTER_SET_CLIENT */;
/*!40101 SET @OLD_CHARACTER_SET_RESULTS=@@CHARACTER_SET_RESULTS */;
/*!40101 SET @OLD_COLLATION_CONNECTION=@@COLLATION_CONNECTION */;
/*!40101 SET NAMES utf8mb4 */;

--
-- Database: `py`
--

-- --------------------------------------------------------

--
-- Table structure for table `assignment_main`
--

CREATE TABLE `assignment_main` (
  `id` int(11) NOT NULL,
  `assignment_title` varchar(255) NOT NULL,
  `subject_id` int(11) NOT NULL,
  `submission_due_date` datetime NOT NULL,
  `created_date` date NOT NULL,
  `created_time` time NOT NULL
) ENGINE=InnoDB DEFAULT CHARSET=utf8mb4 COLLATE=utf8mb4_general_ci;

--
-- Dumping data for table `assignment_main`
--

INSERT INTO `assignment_main` (`id`, `assignment_title`, `subject_id`, `submission_due_date`, `created_date`, `created_time`) VALUES
(1, 'Computing Python - Assignment ', 1, '2024-04-01 23:59:59', '2024-03-07', '00:00:00'),
(2, 'Mathematics - Assignment', 2, '2024-04-02 23:59:59', '2024-03-07', '00:00:00'),
(3, 'English - Assignment', 3, '2024-04-03 23:59:59', '2024-03-07', '00:00:00'),
(4, 'Bahasa Melayu - Assignment', 4, '2024-04-04 23:59:59', '2024-03-07', '00:00:00'),
(5, 'Bahasa Cina - Assignment', 5, '2024-04-05 23:59:59', '2024-03-07', '00:00:00');

-- --------------------------------------------------------

--
-- Table structure for table `assignment_submit`
--

CREATE TABLE `assignment_submit` (
  `id` int(11) NOT NULL,
  `student_id` int(11) NOT NULL,
  `assignment_main_id` int(11) NOT NULL,
  `url` text DEFAULT NULL,
  `status` int(11) NOT NULL DEFAULT 1 COMMENT '1 = pending, 2 = submitted, 3 = lateSubmmit, 4 = pass, 5 = fail',
  `created` datetime NOT NULL
) ENGINE=InnoDB DEFAULT CHARSET=utf8mb4 COLLATE=utf8mb4_general_ci;

--
-- Dumping data for table `assignment_submit`
--

INSERT INTO `assignment_submit` (`id`, `student_id`, `assignment_main_id`, `url`, `status`, `created`) VALUES
(1, 1, 1, NULL, 1, '2024-03-07 14:42:30'),
(2, 1, 2, NULL, 1, '2024-03-07 14:46:31'),
(3, 1, 3, NULL, 1, '2024-03-07 14:46:31'),
(4, 1, 4, NULL, 1, '2024-03-07 14:46:31'),
(5, 1, 5, NULL, 1, '2024-03-07 14:46:31'),
(6, 2, 1, NULL, 1, '2024-03-07 14:42:30'),
(7, 2, 2, NULL, 1, '2024-03-07 14:46:31'),
(8, 2, 3, NULL, 1, '2024-03-07 14:46:31'),
(9, 2, 4, NULL, 1, '2024-03-07 14:46:31'),
(10, 2, 5, NULL, 1, '2024-03-07 14:46:31'),
(11, 3, 1, NULL, 1, '2024-03-07 14:42:30'),
(12, 3, 2, NULL, 1, '2024-03-07 14:46:31'),
(13, 3, 3, NULL, 1, '2024-03-07 14:46:31'),
(14, 3, 4, NULL, 1, '2024-03-07 14:46:31'),
(15, 3, 5, NULL, 1, '2024-03-07 14:46:31'),
(16, 4, 1, NULL, 1, '2024-03-07 14:42:30'),
(17, 4, 2, NULL, 1, '2024-03-07 14:46:31'),
(18, 4, 3, NULL, 1, '2024-03-07 14:46:31'),
(19, 4, 4, NULL, 1, '2024-03-07 14:46:31'),
(20, 4, 5, NULL, 1, '2024-03-07 14:46:31'),
(21, 5, 1, NULL, 1, '2024-03-07 14:42:30'),
(22, 5, 2, NULL, 1, '2024-03-07 14:46:31'),
(23, 5, 3, NULL, 1, '2024-03-07 14:46:31'),
(24, 5, 4, NULL, 1, '2024-03-07 14:46:31'),
(25, 5, 5, NULL, 1, '2024-03-07 14:46:31'),
(26, 6, 1, NULL, 1, '2024-03-07 14:42:30'),
(27, 6, 2, NULL, 1, '2024-03-07 14:46:31'),
(28, 6, 3, NULL, 1, '2024-03-07 14:46:31'),
(29, 6, 4, NULL, 1, '2024-03-07 14:46:31'),
(30, 6, 5, NULL, 1, '2024-03-07 14:46:31'),
(31, 7, 1, NULL, 1, '2024-03-07 14:42:30'),
(32, 7, 2, NULL, 1, '2024-03-07 14:46:31'),
(33, 7, 3, NULL, 1, '2024-03-07 14:46:31'),
(34, 7, 4, NULL, 1, '2024-03-07 14:46:31'),
(35, 7, 5, NULL, 1, '2024-03-07 14:46:31'),
(36, 8, 1, NULL, 1, '2024-03-07 14:42:30'),
(37, 8, 2, NULL, 1, '2024-03-07 14:46:31'),
(38, 8, 3, NULL, 1, '2024-03-07 14:46:31'),
(39, 8, 4, NULL, 1, '2024-03-07 14:46:31'),
(40, 8, 5, NULL, 1, '2024-03-07 14:46:31'),
(41, 9, 1, NULL, 1, '2024-03-07 14:42:30'),
(42, 9, 2, NULL, 1, '2024-03-07 14:46:31'),
(43, 9, 3, NULL, 1, '2024-03-07 14:46:31'),
(44, 9, 4, NULL, 1, '2024-03-07 14:46:31'),
(45, 9, 5, NULL, 1, '2024-03-07 14:46:31'),
(46, 10, 1, NULL, 1, '2024-03-07 14:42:30'),
(47, 10, 2, NULL, 1, '2024-03-07 14:46:31'),
(48, 10, 3, NULL, 1, '2024-03-07 14:46:31'),
(49, 10, 4, NULL, 1, '2024-03-07 14:46:31'),
(50, 10, 5, NULL, 1, '2024-03-07 14:46:31'),
(51, 11, 1, NULL, 1, '2024-03-07 14:42:30'),
(52, 11, 2, NULL, 1, '2024-03-07 14:46:31'),
(53, 11, 3, NULL, 1, '2024-03-07 14:46:31'),
(54, 11, 4, NULL, 1, '2024-03-07 14:46:31'),
(55, 11, 5, NULL, 1, '2024-03-07 14:46:31'),
(56, 12, 1, NULL, 1, '2024-03-07 14:42:30'),
(57, 12, 2, NULL, 1, '2024-03-07 14:46:31'),
(58, 12, 3, NULL, 1, '2024-03-07 14:46:31'),
(59, 12, 4, NULL, 1, '2024-03-07 14:46:31'),
(60, 12, 5, NULL, 1, '2024-03-07 14:46:31'),
(61, 13, 1, NULL, 1, '2024-03-07 14:42:30'),
(62, 13, 2, NULL, 1, '2024-03-07 14:46:31'),
(63, 13, 3, NULL, 1, '2024-03-07 14:46:31'),
(64, 13, 4, NULL, 1, '2024-03-07 14:46:31'),
(65, 13, 5, NULL, 1, '2024-03-07 14:46:31'),
(66, 14, 1, NULL, 1, '2024-03-07 14:42:30'),
(67, 14, 2, NULL, 1, '2024-03-07 14:46:31'),
(68, 14, 3, NULL, 1, '2024-03-07 14:46:31'),
(69, 14, 4, NULL, 1, '2024-03-07 14:46:31'),
(70, 14, 5, NULL, 1, '2024-03-07 14:46:31'),
(71, 15, 1, NULL, 1, '2024-03-07 14:42:30'),
(72, 15, 2, NULL, 1, '2024-03-07 14:46:31'),
(73, 15, 3, NULL, 1, '2024-03-07 14:46:31'),
(74, 15, 4, NULL, 1, '2024-03-07 14:46:31'),
(75, 15, 5, NULL, 1, '2024-03-07 14:46:31');

-- --------------------------------------------------------

--
-- Table structure for table `attendance`
--

CREATE TABLE `attendance` (
  `id` int(11) NOT NULL,
  `checkin` int(5) NOT NULL,
  `class_id` int(11) NOT NULL,
  `student_id` int(11) NOT NULL,
  `status` int(11) NOT NULL DEFAULT 1 COMMENT '1 = pending, 2 = present, 3 = late,\r\n4 = absent',
  `created` datetime NOT NULL DEFAULT current_timestamp(),
  `updated` datetime NOT NULL DEFAULT current_timestamp() ON UPDATE current_timestamp()
) ENGINE=InnoDB DEFAULT CHARSET=utf8mb4 COLLATE=utf8mb4_general_ci;

--
-- Dumping data for table `attendance`
--

INSERT INTO `attendance` (`id`, `checkin`, `class_id`, `student_id`, `status`, `created`, `updated`) VALUES
(1, 52886, 1, 1, 2, '2024-03-11 10:00:00', '2024-03-23 01:24:17'),
(2, 81820, 2, 1, 3, '2024-03-12 13:00:00', '2024-03-23 01:24:19'),
(3, 69181, 3, 1, 4, '2024-03-13 09:00:00', '2024-03-23 01:24:21'),
(4, 67579, 4, 1, 1, '2024-03-14 13:00:00', '2024-03-17 02:05:38'),
(5, 77102, 5, 1, 1, '2024-03-15 08:00:00', '2024-03-23 03:50:49'),
(6, 66124, 6, 1, 1, '2024-03-18 10:00:00', '2024-03-13 00:15:19'),
(7, 93704, 7, 1, 1, '2024-03-19 13:00:00', '2024-03-13 00:17:16'),
(8, 48813, 8, 1, 1, '2024-03-20 09:00:00', '2024-03-13 00:18:59'),
(9, 31429, 9, 1, 1, '2024-03-21 13:00:00', '2024-03-13 00:20:08'),
(10, 93492, 10, 1, 1, '2024-03-22 08:00:00', '2024-03-13 00:21:26'),
(11, 48791, 11, 1, 1, '2024-03-25 10:00:00', '2024-03-13 00:23:06'),
(12, 44708, 12, 1, 1, '2024-03-26 13:00:00', '2024-03-13 00:24:32'),
(13, 87662, 13, 1, 1, '2024-03-27 09:00:00', '2024-03-13 00:28:05'),
(14, 57279, 14, 1, 1, '2024-03-28 13:00:00', '2024-03-13 00:29:03'),
(15, 46366, 15, 1, 1, '2024-03-29 08:00:00', '2024-03-13 00:29:57'),
(16, 78121, 16, 1, 1, '2024-04-01 10:00:00', '2024-03-13 00:32:16'),
(17, 84240, 17, 1, 1, '2024-04-02 13:00:00', '2024-03-13 00:34:25'),
(18, 97852, 18, 1, 1, '2024-04-03 09:00:00', '2024-03-13 00:35:54'),
(19, 23908, 19, 1, 1, '2024-04-04 13:00:00', '2024-03-13 00:41:49'),
(20, 92952, 20, 1, 1, '2024-04-05 08:00:00', '2024-03-13 00:43:33'),
(21, 52886, 1, 2, 1, '2024-03-11 10:00:00', '2024-03-13 00:10:39'),
(22, 81820, 2, 2, 1, '2024-03-12 13:00:00', '2024-03-13 00:11:41'),
(23, 69181, 3, 2, 1, '2024-03-13 09:00:00', '2024-03-13 00:12:31'),
(24, 67579, 4, 2, 1, '2024-03-14 13:00:00', '2024-03-13 00:13:19'),
(25, 77102, 5, 2, 1, '2024-03-15 08:00:00', '2024-03-13 00:14:31'),
(26, 66124, 6, 2, 1, '2024-03-18 10:00:00', '2024-03-13 00:15:21'),
(27, 93704, 7, 2, 1, '2024-03-19 13:00:00', '2024-03-13 00:17:18'),
(28, 48813, 8, 2, 1, '2024-03-20 09:00:00', '2024-03-13 00:19:04'),
(29, 31429, 9, 2, 1, '2024-03-21 13:00:00', '2024-03-13 00:20:11'),
(30, 93492, 10, 2, 1, '2024-03-22 08:00:00', '2024-03-13 00:21:57'),
(31, 48791, 11, 2, 1, '2024-03-25 10:00:00', '2024-03-13 00:23:09'),
(32, 44708, 12, 2, 1, '2024-03-26 13:00:00', '2024-03-13 00:41:07'),
(33, 87662, 13, 2, 1, '2024-03-27 09:00:00', '2024-03-13 00:28:09'),
(34, 57279, 14, 2, 1, '2024-03-28 13:00:00', '2024-03-13 00:29:06'),
(35, 46366, 15, 2, 1, '2024-03-29 08:00:00', '2024-03-13 00:30:00'),
(36, 78121, 16, 2, 1, '2024-04-01 10:00:00', '2024-03-13 00:32:19'),
(37, 84240, 17, 2, 1, '2024-04-02 13:00:00', '2024-03-13 00:34:30'),
(38, 97852, 18, 2, 1, '2024-04-03 09:00:00', '2024-03-13 00:41:34'),
(39, 23908, 19, 2, 1, '2024-04-04 13:00:00', '2024-03-13 00:41:52'),
(40, 92952, 20, 2, 1, '2024-04-05 08:00:00', '2024-03-13 00:43:36'),
(41, 52886, 1, 3, 1, '2024-03-11 10:00:00', '2024-03-13 00:10:43'),
(42, 81820, 2, 3, 1, '2024-03-12 13:00:00', '2024-03-13 00:11:43'),
(43, 69181, 3, 3, 1, '2024-03-13 09:00:00', '2024-03-13 00:12:33'),
(44, 67579, 4, 3, 1, '2024-03-14 13:00:00', '2024-03-13 00:13:22'),
(45, 77102, 5, 3, 1, '2024-03-15 08:00:00', '2024-03-13 00:14:38'),
(46, 66124, 6, 3, 1, '2024-03-18 10:00:00', '2024-03-13 00:15:28'),
(47, 93704, 7, 2, 1, '2024-03-19 13:00:00', '2024-03-13 00:17:22'),
(48, 48813, 8, 3, 1, '2024-03-20 09:00:00', '2024-03-13 00:19:07'),
(49, 31429, 9, 2, 1, '2024-03-21 13:00:00', '2024-03-13 00:20:14'),
(50, 93492, 10, 3, 1, '2024-03-22 08:00:00', '2024-03-13 00:22:12'),
(51, 48791, 11, 3, 1, '2024-03-25 10:00:00', '2024-03-13 00:23:11'),
(52, 44708, 12, 3, 1, '2024-03-26 13:00:00', '2024-03-13 00:25:05'),
(53, 87662, 13, 3, 1, '2024-03-27 09:00:00', '2024-03-13 00:28:11'),
(54, 57279, 14, 3, 1, '2024-03-28 13:00:00', '2024-03-13 00:29:09'),
(55, 46366, 15, 3, 1, '2024-03-29 08:00:00', '2024-03-13 00:30:02'),
(56, 78121, 16, 3, 1, '2024-04-01 10:00:00', '2024-03-13 00:32:21'),
(57, 84240, 17, 3, 1, '2024-04-02 13:00:00', '2024-03-13 00:34:34'),
(58, 97852, 18, 3, 1, '2024-04-03 09:00:00', '2024-03-13 00:36:20'),
(59, 23908, 19, 3, 1, '2024-04-04 13:00:00', '2024-03-13 00:41:54'),
(60, 92952, 20, 3, 1, '2024-04-05 08:00:00', '2024-03-13 00:43:38'),
(61, 52886, 1, 4, 1, '2024-03-11 10:00:00', '2024-03-13 00:10:47'),
(62, 81820, 2, 4, 1, '2024-03-12 13:00:00', '2024-03-13 00:11:45'),
(63, 69181, 3, 4, 1, '2024-03-13 09:00:00', '2024-03-13 00:12:35'),
(64, 67579, 4, 4, 1, '2024-03-14 13:00:00', '2024-03-13 00:13:24'),
(65, 77102, 5, 4, 1, '2024-03-15 08:00:00', '2024-03-13 00:14:40'),
(66, 66124, 6, 4, 1, '2024-03-18 10:00:00', '2024-03-13 00:15:31'),
(67, 93704, 7, 4, 1, '2024-03-19 13:00:00', '2024-03-13 00:17:25'),
(68, 48813, 8, 4, 1, '2024-03-20 09:00:00', '2024-03-13 00:19:09'),
(69, 31429, 9, 4, 1, '2024-03-21 13:00:00', '2024-03-13 00:20:16'),
(70, 93492, 10, 4, 1, '2024-03-22 08:00:00', '2024-03-13 00:22:14'),
(71, 48791, 11, 4, 1, '2024-03-25 10:00:00', '2024-03-13 00:23:14'),
(72, 44708, 12, 4, 1, '2024-03-26 13:00:00', '2024-03-13 00:25:07'),
(73, 87662, 13, 4, 1, '2024-03-27 09:00:00', '2024-03-13 00:28:14'),
(74, 57279, 14, 4, 1, '2024-03-28 13:00:00', '2024-03-13 00:29:11'),
(75, 46366, 15, 4, 1, '2024-03-29 08:00:00', '2024-03-13 00:30:04'),
(76, 78121, 16, 4, 1, '2024-04-01 10:00:00', '2024-03-13 00:32:23'),
(77, 84240, 17, 4, 1, '2024-04-02 13:00:00', '2024-03-13 00:34:39'),
(78, 97852, 18, 4, 1, '2024-04-03 09:00:00', '2024-03-13 00:36:25'),
(79, 23908, 19, 4, 1, '2024-04-04 13:00:00', '2024-03-13 00:41:56'),
(80, 92952, 20, 4, 1, '2024-04-05 08:00:00', '2024-03-13 00:43:40'),
(81, 52886, 1, 5, 1, '2024-03-11 10:00:00', '2024-03-13 00:10:52'),
(82, 81820, 2, 5, 1, '2024-03-12 13:00:00', '2024-03-13 00:11:48'),
(83, 69181, 3, 5, 1, '2024-03-13 09:00:00', '2024-03-13 00:12:37'),
(84, 67579, 4, 5, 1, '2024-03-14 13:00:00', '2024-03-13 00:13:27'),
(85, 77102, 5, 5, 1, '2024-03-15 08:00:00', '2024-03-13 00:14:42'),
(86, 66124, 6, 5, 1, '2024-03-18 10:00:00', '2024-03-13 00:15:33'),
(87, 93704, 7, 5, 1, '2024-03-19 13:00:00', '2024-03-13 00:17:28'),
(88, 48813, 8, 5, 1, '2024-03-20 09:00:00', '2024-03-13 00:19:12'),
(89, 31429, 9, 5, 1, '2024-03-21 13:00:00', '2024-03-13 00:20:18'),
(90, 93492, 10, 5, 1, '2024-03-22 08:00:00', '2024-03-13 00:22:16'),
(91, 48791, 11, 5, 1, '2024-03-25 10:00:00', '2024-03-13 00:23:17'),
(92, 44708, 12, 5, 1, '2024-03-26 13:00:00', '2024-03-13 00:25:09'),
(93, 87662, 13, 5, 1, '2024-03-27 09:00:00', '2024-03-13 00:28:16'),
(94, 57279, 14, 5, 1, '2024-03-28 13:00:00', '2024-03-13 00:29:19'),
(95, 46366, 15, 5, 1, '2024-03-29 08:00:00', '2024-03-13 00:30:08'),
(96, 78121, 16, 5, 1, '2024-04-01 10:00:00', '2024-03-13 00:32:25'),
(97, 84240, 17, 5, 1, '2024-04-02 13:00:00', '2024-03-13 00:34:42'),
(98, 97852, 18, 5, 1, '2024-04-03 09:00:00', '2024-03-13 00:36:23'),
(99, 23908, 19, 5, 1, '2024-04-04 13:00:00', '2024-03-13 00:41:57'),
(100, 92952, 20, 5, 1, '2024-04-05 08:00:00', '2024-03-13 00:43:42'),
(101, 52886, 1, 6, 1, '2024-03-11 10:00:00', '2024-03-13 00:10:55'),
(102, 81820, 2, 6, 1, '2024-03-12 13:00:00', '2024-03-13 00:11:51'),
(103, 69181, 3, 6, 1, '2024-03-13 09:00:00', '2024-03-13 00:12:39'),
(104, 67579, 4, 6, 1, '2024-03-14 13:00:00', '2024-03-13 00:13:29'),
(105, 77102, 5, 6, 1, '2024-03-15 08:00:00', '2024-03-13 00:14:44'),
(106, 66124, 6, 6, 1, '2024-03-18 10:00:00', '2024-03-13 00:15:36'),
(107, 93704, 7, 6, 1, '2024-03-19 13:00:00', '2024-03-13 00:17:30'),
(108, 48813, 8, 6, 1, '2024-03-20 09:00:00', '2024-03-13 00:19:14'),
(109, 31429, 9, 6, 1, '2024-03-21 13:00:00', '2024-03-13 00:20:20'),
(110, 93492, 10, 6, 1, '2024-03-22 08:00:00', '2024-03-13 00:22:19'),
(111, 48791, 11, 6, 1, '2024-03-25 10:00:00', '2024-03-13 00:23:19'),
(112, 44708, 12, 6, 1, '2024-03-26 13:00:00', '2024-03-13 00:25:12'),
(113, 87662, 13, 6, 1, '2024-03-27 09:00:00', '2024-03-13 00:28:19'),
(114, 57279, 14, 6, 1, '2024-03-28 13:00:00', '2024-03-13 00:29:21'),
(115, 46366, 15, 6, 1, '2024-03-29 08:00:00', '2024-03-13 00:30:10'),
(116, 78121, 16, 6, 1, '2024-04-01 10:00:00', '2024-03-13 00:32:36'),
(117, 84240, 17, 6, 1, '2024-04-02 13:00:00', '2024-03-13 00:34:46'),
(118, 97852, 18, 6, 1, '2024-04-03 09:00:00', '2024-03-13 00:36:27'),
(119, 23908, 19, 6, 1, '2024-04-04 13:00:00', '2024-03-13 00:41:59'),
(120, 92952, 20, 6, 1, '2024-04-05 08:00:00', '2024-03-13 00:43:44'),
(121, 52886, 1, 7, 1, '2024-03-11 10:00:00', '2024-03-13 00:11:02'),
(122, 81820, 2, 7, 1, '2024-03-12 13:00:00', '2024-03-13 00:11:53'),
(123, 69181, 3, 7, 1, '2024-03-13 09:00:00', '2024-03-13 00:12:41'),
(124, 67579, 4, 7, 1, '2024-03-14 13:00:00', '2024-03-13 00:13:31'),
(125, 77102, 5, 7, 1, '2024-03-15 08:00:00', '2024-03-13 00:14:46'),
(126, 66124, 6, 7, 1, '2024-03-18 10:00:00', '2024-03-13 00:15:39'),
(127, 93704, 7, 7, 1, '2024-03-19 13:00:00', '2024-03-13 00:17:44'),
(128, 48813, 8, 7, 1, '2024-03-20 09:00:00', '2024-03-13 00:19:18'),
(129, 31429, 9, 7, 1, '2024-03-21 13:00:00', '2024-03-13 00:20:22'),
(130, 93492, 10, 7, 1, '2024-03-22 08:00:00', '2024-03-13 00:22:21'),
(131, 48791, 11, 7, 1, '2024-03-25 10:00:00', '2024-03-13 00:23:21'),
(132, 44708, 12, 7, 1, '2024-03-26 13:00:00', '2024-03-13 00:25:24'),
(133, 87662, 13, 7, 1, '2024-03-27 09:00:00', '2024-03-13 00:28:21'),
(134, 57279, 14, 7, 1, '2024-03-28 13:00:00', '2024-03-13 00:29:23'),
(135, 46366, 15, 7, 1, '2024-03-29 08:00:00', '2024-03-13 00:30:12'),
(136, 78121, 16, 7, 1, '2024-04-01 10:00:00', '2024-03-13 00:32:38'),
(137, 84240, 17, 7, 1, '2024-04-02 13:00:00', '2024-03-13 00:34:49'),
(138, 97852, 18, 7, 1, '2024-04-03 09:00:00', '2024-03-13 00:36:28'),
(139, 23908, 19, 7, 1, '2024-04-04 13:00:00', '2024-03-13 00:42:02'),
(140, 92952, 20, 7, 1, '2024-04-05 08:00:00', '2024-03-13 00:43:47'),
(141, 52886, 1, 8, 1, '2024-03-11 10:00:00', '2024-03-13 00:11:05'),
(142, 81820, 2, 8, 1, '2024-03-12 13:00:00', '2024-03-13 00:11:55'),
(143, 69181, 3, 8, 1, '2024-03-13 09:00:00', '2024-03-13 00:12:43'),
(144, 67579, 4, 8, 1, '2024-03-14 13:00:00', '2024-03-13 00:13:34'),
(145, 77102, 5, 8, 1, '2024-03-15 08:00:00', '2024-03-13 00:14:49'),
(146, 66124, 6, 8, 1, '2024-03-18 10:00:00', '2024-03-13 00:15:41'),
(147, 93704, 7, 8, 1, '2024-03-19 13:00:00', '2024-03-13 00:17:47'),
(148, 48813, 8, 8, 1, '2024-03-20 09:00:00', '2024-03-13 00:19:21'),
(149, 31429, 9, 8, 1, '2024-03-21 13:00:00', '2024-03-13 00:20:25'),
(150, 93492, 10, 8, 1, '2024-03-22 08:00:00', '2024-03-13 00:22:25'),
(151, 48791, 11, 8, 1, '2024-03-25 10:00:00', '2024-03-13 00:23:23'),
(152, 44708, 12, 8, 1, '2024-03-26 13:00:00', '2024-03-13 00:27:31'),
(153, 87662, 13, 8, 1, '2024-03-27 09:00:00', '2024-03-13 00:28:24'),
(154, 57279, 14, 8, 1, '2024-03-28 13:00:00', '2024-03-13 00:29:25'),
(155, 46366, 15, 8, 1, '2024-03-29 08:00:00', '2024-03-13 00:30:15'),
(156, 78121, 16, 8, 1, '2024-04-01 10:00:00', '2024-03-13 00:33:10'),
(157, 84240, 17, 8, 1, '2024-04-02 13:00:00', '2024-03-13 00:34:51'),
(158, 97852, 18, 8, 1, '2024-04-03 09:00:00', '2024-03-13 00:36:30'),
(159, 23908, 19, 8, 1, '2024-04-04 13:00:00', '2024-03-13 00:42:39'),
(160, 92952, 20, 8, 1, '2024-04-05 08:00:00', '2024-03-13 00:43:49'),
(161, 52886, 1, 9, 1, '2024-03-11 10:00:00', '2024-03-13 00:11:08'),
(162, 81820, 2, 9, 1, '2024-03-12 13:00:00', '2024-03-13 00:11:57'),
(163, 69181, 3, 9, 1, '2024-03-13 09:00:00', '2024-03-13 00:12:45'),
(164, 67579, 4, 9, 1, '2024-03-14 13:00:00', '2024-03-13 00:13:36'),
(165, 77102, 5, 9, 1, '2024-03-15 08:00:00', '2024-03-13 00:14:51'),
(166, 66124, 6, 9, 1, '2024-03-18 10:00:00', '2024-03-13 00:15:43'),
(167, 93704, 7, 9, 1, '2024-03-19 13:00:00', '2024-03-13 00:17:49'),
(168, 48813, 8, 9, 1, '2024-03-20 09:00:00', '2024-03-13 00:19:23'),
(169, 31429, 9, 9, 1, '2024-03-21 13:00:00', '2024-03-13 00:20:28'),
(170, 93492, 10, 9, 1, '2024-03-22 08:00:00', '2024-03-13 00:22:27'),
(171, 48791, 11, 9, 1, '2024-03-25 10:00:00', '2024-03-13 00:23:25'),
(172, 44708, 12, 9, 1, '2024-03-26 13:00:00', '2024-03-13 00:27:33'),
(173, 87662, 13, 9, 1, '2024-03-27 09:00:00', '2024-03-13 00:28:26'),
(174, 57279, 14, 9, 1, '2024-03-28 13:00:00', '2024-03-13 00:29:27'),
(175, 46366, 15, 9, 1, '2024-03-29 08:00:00', '2024-03-13 00:30:17'),
(176, 78121, 16, 9, 1, '2024-04-01 10:00:00', '2024-03-13 00:33:12'),
(177, 84240, 17, 9, 1, '2024-04-02 13:00:00', '2024-03-13 00:34:53'),
(178, 97852, 18, 9, 1, '2024-04-03 09:00:00', '2024-03-13 00:36:32'),
(179, 23908, 19, 9, 1, '2024-04-04 13:00:00', '2024-03-13 00:42:42'),
(180, 92952, 20, 9, 1, '2024-04-05 08:00:00', '2024-03-13 00:43:52'),
(181, 52886, 1, 10, 1, '2024-03-11 10:00:00', '2024-03-13 00:11:10'),
(182, 81820, 2, 10, 1, '2024-03-12 13:00:00', '2024-03-13 00:11:59'),
(183, 69181, 3, 10, 1, '2024-03-13 09:00:00', '2024-03-13 00:12:48'),
(184, 67579, 4, 10, 1, '2024-03-14 13:00:00', '2024-03-13 00:13:38'),
(185, 77102, 5, 10, 1, '2024-03-15 08:00:00', '2024-03-13 00:14:53'),
(186, 66124, 6, 10, 1, '2024-03-18 10:00:00', '2024-03-13 00:15:45'),
(187, 93704, 7, 10, 1, '2024-03-19 13:00:00', '2024-03-13 00:17:52'),
(188, 48813, 8, 10, 1, '2024-03-20 09:00:00', '2024-03-13 00:19:26'),
(189, 31429, 9, 10, 1, '2024-03-21 13:00:00', '2024-03-13 00:20:33'),
(190, 93492, 10, 10, 1, '2024-03-22 08:00:00', '2024-03-13 00:22:31'),
(191, 48791, 11, 10, 1, '2024-03-25 10:00:00', '2024-03-13 00:23:27'),
(192, 44708, 12, 10, 1, '2024-03-26 13:00:00', '2024-03-13 00:27:35'),
(193, 87662, 13, 10, 1, '2024-03-27 09:00:00', '2024-03-13 00:28:28'),
(194, 57279, 14, 10, 1, '2024-03-28 13:00:00', '2024-03-13 00:29:29'),
(195, 46366, 15, 10, 1, '2024-03-29 08:00:00', '2024-03-13 00:30:19'),
(196, 78121, 16, 10, 1, '2024-04-01 10:00:00', '2024-03-13 00:33:14'),
(197, 84240, 17, 10, 1, '2024-04-02 13:00:00', '2024-03-13 00:34:55'),
(198, 97852, 18, 10, 1, '2024-04-03 09:00:00', '2024-03-13 00:36:34'),
(199, 23908, 19, 10, 1, '2024-04-04 13:00:00', '2024-03-13 00:42:44'),
(200, 92952, 20, 10, 1, '2024-04-05 08:00:00', '2024-03-13 00:43:54'),
(201, 52886, 1, 11, 1, '2024-03-11 10:00:00', '2024-03-13 00:11:13'),
(202, 81820, 2, 11, 1, '2024-03-12 13:00:00', '2024-03-13 00:12:01'),
(203, 69181, 3, 11, 1, '2024-03-13 09:00:00', '2024-03-13 00:12:50'),
(204, 67579, 4, 11, 1, '2024-03-14 13:00:00', '2024-03-13 00:13:40'),
(205, 77102, 5, 11, 1, '2024-03-15 08:00:00', '2024-03-13 00:14:55'),
(206, 66124, 6, 11, 1, '2024-03-18 10:00:00', '2024-03-13 00:15:48'),
(207, 93704, 7, 11, 1, '2024-03-19 13:00:00', '2024-03-13 00:18:28'),
(208, 48813, 8, 11, 1, '2024-03-20 09:00:00', '2024-03-13 00:19:30'),
(209, 31429, 9, 11, 1, '2024-03-21 13:00:00', '2024-03-13 00:20:35'),
(210, 93492, 10, 11, 1, '2024-03-22 08:00:00', '2024-03-13 00:22:33'),
(211, 48791, 11, 11, 1, '2024-03-25 10:00:00', '2024-03-13 00:23:29'),
(212, 44708, 12, 11, 1, '2024-03-26 13:00:00', '2024-03-13 00:27:37'),
(213, 87662, 13, 11, 1, '2024-03-27 09:00:00', '2024-03-13 00:28:30'),
(214, 57279, 14, 11, 1, '2024-03-28 13:00:00', '2024-03-13 00:29:33'),
(215, 46366, 15, 11, 1, '2024-03-29 08:00:00', '2024-03-13 00:30:22'),
(216, 78121, 16, 11, 1, '2024-04-01 10:00:00', '2024-03-13 00:33:17'),
(217, 84240, 17, 11, 1, '2024-04-02 13:00:00', '2024-03-13 00:34:58'),
(218, 97852, 18, 11, 1, '2024-04-03 09:00:00', '2024-03-13 00:36:37'),
(219, 23908, 19, 11, 1, '2024-04-04 13:00:00', '2024-03-13 00:42:49'),
(220, 92952, 20, 11, 1, '2024-04-05 08:00:00', '2024-03-13 00:43:57'),
(221, 52886, 1, 12, 1, '2024-03-11 10:00:00', '2024-03-13 00:11:16'),
(222, 81820, 2, 12, 1, '2024-03-12 13:00:00', '2024-03-13 00:12:03'),
(223, 69181, 3, 12, 1, '2024-03-13 09:00:00', '2024-03-13 00:12:54'),
(224, 67579, 4, 12, 1, '2024-03-14 13:00:00', '2024-03-13 00:13:42'),
(225, 77102, 5, 12, 1, '2024-03-15 08:00:00', '2024-03-13 00:14:58'),
(226, 66124, 6, 12, 1, '2024-03-18 10:00:00', '2024-03-13 00:16:35'),
(227, 93704, 7, 12, 1, '2024-03-19 13:00:00', '2024-03-13 00:18:30'),
(228, 48813, 8, 12, 1, '2024-03-20 09:00:00', '2024-03-13 00:19:33'),
(229, 31429, 9, 12, 1, '2024-03-21 13:00:00', '2024-03-13 00:20:37'),
(230, 93492, 10, 12, 1, '2024-03-22 08:00:00', '2024-03-13 00:22:36'),
(231, 48791, 11, 12, 1, '2024-03-25 10:00:00', '2024-03-13 00:23:32'),
(232, 44708, 12, 12, 1, '2024-03-26 13:00:00', '2024-03-13 00:27:40'),
(233, 87662, 13, 12, 1, '2024-03-27 09:00:00', '2024-03-13 00:28:32'),
(234, 57279, 14, 12, 1, '2024-03-28 13:00:00', '2024-03-13 00:29:35'),
(235, 46366, 15, 12, 1, '2024-03-29 08:00:00', '2024-03-13 00:30:24'),
(236, 78121, 16, 12, 1, '2024-04-01 10:00:00', '2024-03-13 00:33:19'),
(237, 84240, 17, 12, 1, '2024-04-02 13:00:00', '2024-03-13 00:35:00'),
(238, 97852, 18, 12, 1, '2024-04-03 09:00:00', '2024-03-13 00:36:38'),
(239, 23908, 19, 12, 1, '2024-04-04 13:00:00', '2024-03-13 00:42:46'),
(240, 92952, 20, 12, 1, '2024-04-05 08:00:00', '2024-03-13 00:43:59'),
(241, 52886, 1, 13, 1, '2024-03-11 10:00:00', '2024-03-13 00:11:19'),
(242, 81820, 2, 13, 1, '2024-03-12 13:00:00', '2024-03-13 00:12:06'),
(243, 69181, 3, 13, 1, '2024-03-13 09:00:00', '2024-03-13 00:12:57'),
(244, 67579, 4, 13, 1, '2024-03-14 13:00:00', '2024-03-13 00:13:44'),
(245, 77102, 5, 13, 1, '2024-03-15 08:00:00', '2024-03-13 00:14:59'),
(246, 66124, 6, 13, 1, '2024-03-18 10:00:00', '2024-03-13 00:16:37'),
(247, 93704, 7, 13, 1, '2024-03-19 13:00:00', '2024-03-13 00:18:33'),
(248, 48813, 8, 13, 1, '2024-03-20 09:00:00', '2024-03-13 00:19:36'),
(249, 31429, 9, 13, 1, '2024-03-21 13:00:00', '2024-03-13 00:20:39'),
(250, 93492, 10, 13, 1, '2024-03-22 08:00:00', '2024-03-13 00:22:38'),
(251, 48791, 11, 13, 1, '2024-03-25 10:00:00', '2024-03-13 00:23:34'),
(252, 44708, 12, 13, 1, '2024-03-26 13:00:00', '2024-03-13 00:27:42'),
(253, 87662, 13, 13, 1, '2024-03-27 09:00:00', '2024-03-13 00:28:34'),
(254, 57279, 14, 13, 1, '2024-03-28 13:00:00', '2024-03-13 00:29:37'),
(255, 46366, 15, 13, 1, '2024-03-29 08:00:00', '2024-03-13 00:30:26'),
(256, 78121, 16, 13, 1, '2024-04-01 10:00:00', '2024-03-13 00:33:21'),
(257, 84240, 17, 13, 1, '2024-04-02 13:00:00', '2024-03-13 00:35:02'),
(258, 97852, 18, 13, 1, '2024-04-03 09:00:00', '2024-03-13 00:36:40'),
(259, 23908, 19, 13, 1, '2024-04-04 13:00:00', '2024-03-13 00:42:51'),
(260, 92952, 20, 13, 1, '2024-04-05 08:00:00', '2024-03-13 00:44:02'),
(261, 52886, 1, 14, 1, '2024-03-11 10:00:00', '2024-03-13 00:11:21'),
(262, 81820, 2, 14, 1, '2024-03-12 13:00:00', '2024-03-13 00:12:08'),
(263, 69181, 3, 14, 1, '2024-03-13 09:00:00', '2024-03-13 00:12:59'),
(264, 67579, 4, 14, 1, '2024-03-14 13:00:00', '2024-03-13 00:13:46'),
(265, 77102, 5, 14, 1, '2024-03-15 08:00:00', '2024-03-13 00:15:01'),
(266, 66124, 6, 14, 1, '2024-03-18 10:00:00', '2024-03-13 00:16:45'),
(267, 93704, 7, 14, 1, '2024-03-19 13:00:00', '2024-03-13 00:18:36'),
(268, 48813, 8, 14, 1, '2024-03-20 09:00:00', '2024-03-13 00:19:38'),
(269, 31429, 9, 14, 1, '2024-03-21 13:00:00', '2024-03-13 00:20:42'),
(270, 93492, 10, 14, 1, '2024-03-22 08:00:00', '2024-03-13 00:22:41'),
(271, 48791, 11, 14, 1, '2024-03-25 10:00:00', '2024-03-13 00:23:36'),
(272, 44708, 12, 14, 1, '2024-03-26 13:00:00', '2024-03-13 00:27:44'),
(273, 87662, 13, 14, 1, '2024-03-27 09:00:00', '2024-03-13 00:28:36'),
(274, 57279, 14, 14, 1, '2024-03-28 13:00:00', '2024-03-13 00:29:40'),
(275, 46366, 15, 14, 1, '2024-03-29 08:00:00', '2024-03-13 00:30:29'),
(276, 78121, 16, 14, 1, '2024-04-01 10:00:00', '2024-03-13 00:33:23'),
(277, 84240, 17, 14, 1, '2024-04-02 13:00:00', '2024-03-13 00:35:04'),
(278, 97852, 18, 14, 1, '2024-04-03 09:00:00', '2024-03-13 00:36:42'),
(279, 23908, 19, 14, 1, '2024-04-04 13:00:00', '2024-03-13 00:42:53'),
(280, 92952, 20, 14, 1, '2024-04-05 08:00:00', '2024-03-13 00:44:04'),
(281, 52886, 1, 15, 1, '2024-03-11 10:00:00', '2024-03-13 00:11:24'),
(282, 81820, 2, 15, 1, '2024-03-12 13:00:00', '2024-03-13 00:12:10'),
(283, 69181, 3, 15, 1, '2024-03-13 09:00:00', '2024-03-13 00:13:01'),
(284, 67579, 4, 15, 1, '2024-03-14 13:00:00', '2024-03-13 00:13:48'),
(285, 77102, 5, 15, 1, '2024-03-15 08:00:00', '2024-03-13 00:15:03'),
(286, 66124, 6, 15, 1, '2024-03-18 10:00:00', '2024-03-13 00:16:47'),
(287, 93704, 7, 15, 1, '2024-03-19 13:00:00', '2024-03-13 00:18:38'),
(288, 48813, 8, 15, 1, '2024-03-20 09:00:00', '2024-03-13 00:19:40'),
(289, 31429, 9, 15, 1, '2024-03-21 13:00:00', '2024-03-13 00:20:44'),
(290, 93492, 10, 15, 1, '2024-03-22 08:00:00', '2024-03-13 00:22:44'),
(291, 48791, 11, 15, 1, '2024-03-25 10:00:00', '2024-03-13 00:23:39'),
(292, 44708, 12, 15, 1, '2024-03-26 13:00:00', '2024-03-13 00:27:46'),
(293, 87662, 13, 15, 1, '2024-03-27 09:00:00', '2024-03-13 00:28:39'),
(294, 57279, 14, 15, 1, '2024-03-28 13:00:00', '2024-03-13 00:29:42'),
(295, 46366, 15, 15, 1, '2024-03-29 08:00:00', '2024-03-13 00:30:31'),
(296, 78121, 16, 15, 1, '2024-04-01 10:00:00', '2024-03-13 00:33:26'),
(297, 84240, 17, 15, 1, '2024-04-02 13:00:00', '2024-03-13 00:35:06'),
(298, 97852, 18, 15, 1, '2024-04-03 09:00:00', '2024-03-13 00:36:44'),
(299, 23908, 19, 15, 1, '2024-04-04 13:00:00', '2024-03-13 00:42:56'),
(300, 92952, 20, 15, 1, '2024-04-05 08:00:00', '2024-03-13 00:44:06');

-- --------------------------------------------------------

--
-- Table structure for table `class`
--

CREATE TABLE `class` (
  `id` int(11) NOT NULL,
  `venue_id` int(11) NOT NULL,
  `start_time` datetime NOT NULL,
  `end_time` datetime NOT NULL,
  `lecturer_id` int(11) NOT NULL,
  `subject_id` int(11) NOT NULL
) ENGINE=InnoDB DEFAULT CHARSET=utf8mb4 COLLATE=utf8mb4_general_ci;

--
-- Dumping data for table `class`
--

INSERT INTO `class` (`id`, `venue_id`, `start_time`, `end_time`, `lecturer_id`, `subject_id`) VALUES
(1, 1, '2024-03-11 10:00:00', '2024-03-11 12:00:00', 1, 1),
(2, 2, '2024-03-12 13:00:00', '2024-03-12 15:00:00', 2, 2),
(3, 3, '2024-03-13 09:00:00', '2024-03-13 11:00:00', 3, 3),
(4, 4, '2024-03-14 13:00:00', '2024-03-14 15:00:00', 4, 4),
(5, 5, '2024-03-15 08:00:00', '2024-03-15 10:00:00', 5, 5),
(6, 6, '2024-03-18 10:00:00', '2024-03-18 12:00:00', 1, 1),
(7, 7, '2024-03-19 13:00:00', '2024-03-19 15:00:00', 2, 2),
(8, 8, '2024-03-20 09:00:00', '2024-03-20 11:00:00', 3, 3),
(9, 9, '2024-03-21 13:00:00', '2024-03-21 15:00:00', 4, 4),
(10, 10, '2024-03-22 08:00:00', '2024-03-22 10:00:00', 5, 5),
(11, 1, '2024-03-25 10:00:00', '2024-03-25 12:00:00', 1, 1),
(12, 2, '2024-03-26 13:00:00', '2024-03-26 15:00:00', 2, 2),
(13, 3, '2024-03-27 09:00:00', '2024-03-27 11:00:00', 3, 3),
(14, 4, '2024-03-28 13:00:00', '2024-03-28 15:00:00', 4, 4),
(15, 5, '2024-03-29 08:00:00', '2024-03-29 10:00:00', 5, 5),
(16, 6, '2024-04-01 10:00:00', '2024-04-01 12:00:00', 1, 1),
(17, 7, '2024-04-02 13:00:00', '2024-04-02 15:00:00', 2, 2),
(18, 8, '2024-04-03 09:00:00', '2024-04-03 11:00:00', 3, 3),
(19, 9, '2024-04-04 13:00:00', '2024-04-04 15:00:00', 4, 4),
(20, 10, '2024-04-05 08:00:00', '2024-04-05 10:00:00', 5, 5);

-- --------------------------------------------------------

--
-- Table structure for table `lecturer`
--

CREATE TABLE `lecturer` (
  `id` int(11) NOT NULL,
  `email` varchar(255) NOT NULL,
  `name` varchar(255) NOT NULL,
  `password` varchar(255) NOT NULL,
  `created` datetime NOT NULL DEFAULT current_timestamp()
) ENGINE=InnoDB DEFAULT CHARSET=utf8mb4 COLLATE=utf8mb4_general_ci;

--
-- Dumping data for table `lecturer`
--

INSERT INTO `lecturer` (`id`, `email`, `name`, `password`, `created`) VALUES
(1, 'Alan_lec@mail.com', 'Alan Lec', '12345', '2024-03-07 20:33:14'),
(2, 'Muthu_lec@mail.com', 'Muthu Lec', '12345', '2024-03-07 20:33:14'),
(3, 'Nathan_lec@mail.com', 'Nathan Lec', '12345', '2024-03-07 22:26:59'),
(4, 'Fatimah_lec@mail.com', 'Fatimah Mariam Lec', '12345', '2024-03-07 22:29:15'),
(5, 'LimChoo_lec@mail.com', 'Lim Choo Lec', '12345', '2024-03-07 22:31:40');

-- --------------------------------------------------------

--
-- Table structure for table `student`
--

CREATE TABLE `student` (
  `id` int(11) NOT NULL,
  `email` varchar(255) NOT NULL,
  `name` varchar(255) NOT NULL,
  `password` varchar(255) NOT NULL,
  `created` datetime NOT NULL DEFAULT current_timestamp()
) ENGINE=InnoDB DEFAULT CHARSET=utf8mb4 COLLATE=utf8mb4_general_ci;

--
-- Dumping data for table `student`
--

INSERT INTO `student` (`id`, `email`, `name`, `password`, `created`) VALUES
(1, 'john@mail.com', 'John Wong', '12345', '2024-03-07 20:34:00'),
(2, 'kent@mail.com', 'Kent Wu', '12345', '2024-03-07 20:34:00'),
(3, 'tara@mail.com', 'Tara Dusty', '12345', '2024-03-07 20:34:00'),
(4, 'kiarra@mail.com', 'Kiarra Harrietta', '12345', '2024-03-07 20:34:00'),
(5, 'grayson@mail.com', 'Grayson Claribel', '12345', '2024-03-07 20:34:00'),
(6, 'chrissy@mail.com', 'Chrissy Ardith', '12345', '2024-03-07 20:34:00'),
(7, 'eric@mail.com', 'Eric Millie', '12345', '2024-03-07 20:34:00'),
(8, 'marlin@mail.com', 'Marlin Ally', '12345', '2024-03-07 20:34:00'),
(9, 'jimmie@mail.com', 'Jimmie Carlton', '12345', '2024-03-07 20:34:00'),
(10, 'max@mail.com', 'Max Verstappen', '12345', '2024-03-07 20:34:00'),
(11, 'alyssa@mail.com', 'Alyssa Isadore', '12345', '2024-03-07 20:34:00'),
(12, 'ryan@mail.com', 'Ryan Ng', '12345', '2024-03-07 20:34:00'),
(13, 'francis@mail.com', 'Francis Rylie', '12345', '2024-03-07 20:34:00'),
(14, 'carlene@mail.com', 'Carlene Boyce', '12345', '2024-03-07 20:34:00'),
(15, 'brynn@mail.com', 'Brynn Angela', '12345', '2024-03-07 20:34:00');

-- --------------------------------------------------------

--
-- Table structure for table `subject`
--

CREATE TABLE `subject` (
  `id` int(11) NOT NULL,
  `name` varchar(255) NOT NULL,
  `subject_code` varchar(255) NOT NULL,
  `lecturer_id` int(11) NOT NULL,
  `created` datetime NOT NULL DEFAULT current_timestamp()
) ENGINE=InnoDB DEFAULT CHARSET=utf8mb4 COLLATE=utf8mb4_general_ci;

--
-- Dumping data for table `subject`
--

INSERT INTO `subject` (`id`, `name`, `subject_code`, `lecturer_id`, `created`) VALUES
(1, 'Computing Python', 'CSE 1001', 1, '2024-03-07 20:35:22'),
(2, 'Mathematics  ', 'MAT 1002', 2, '2024-03-07 20:35:22'),
(3, 'English ', 'ENG 1003', 3, '2024-03-07 21:04:44'),
(4, 'Bahasa Melayu', 'MLY 1004', 4, '2024-03-07 22:14:55'),
(5, 'Bahasa Cina', 'CHN 1005', 5, '2024-03-07 22:22:23');

-- --------------------------------------------------------

--
-- Table structure for table `subject_enrol`
--

CREATE TABLE `subject_enrol` (
  `id` int(11) NOT NULL,
  `student_id` int(11) NOT NULL,
  `subject_id` int(11) NOT NULL,
  `created` datetime NOT NULL DEFAULT current_timestamp()
) ENGINE=InnoDB DEFAULT CHARSET=utf8mb4 COLLATE=utf8mb4_general_ci;

--
-- Dumping data for table `subject_enrol`
--

INSERT INTO `subject_enrol` (`id`, `student_id`, `subject_id`, `created`) VALUES
(1, 1, 1, '2024-03-07 20:41:52'),
(2, 1, 2, '2024-03-07 20:41:52'),
(3, 1, 3, '2024-03-07 20:41:52'),
(4, 1, 4, '2024-03-07 20:41:52'),
(5, 1, 5, '2024-03-07 20:41:52'),
(6, 2, 1, '2024-03-07 20:41:52'),
(7, 2, 2, '2024-03-07 20:41:52'),
(8, 2, 3, '2024-03-07 20:41:52'),
(9, 2, 4, '2024-03-07 20:41:52'),
(10, 2, 5, '2024-03-07 20:41:52'),
(11, 3, 1, '2024-03-07 20:41:52'),
(12, 3, 2, '2024-03-07 20:41:52'),
(13, 3, 3, '2024-03-07 20:41:52'),
(14, 3, 4, '2024-03-07 20:41:52'),
(15, 3, 5, '2024-03-07 20:41:52'),
(16, 4, 1, '2024-03-07 20:41:52'),
(17, 4, 2, '2024-03-07 20:41:52'),
(18, 4, 3, '2024-03-07 20:41:52'),
(19, 4, 4, '2024-03-07 20:41:52'),
(20, 4, 5, '2024-03-07 20:41:52'),
(21, 5, 1, '2024-03-07 20:41:52'),
(22, 5, 2, '2024-03-07 20:41:52'),
(23, 5, 3, '2024-03-07 20:41:52'),
(24, 5, 4, '2024-03-07 20:41:52'),
(25, 5, 5, '2024-03-07 20:41:52'),
(26, 6, 1, '2024-03-07 20:41:52'),
(27, 6, 2, '2024-03-07 20:41:52'),
(28, 6, 3, '2024-03-07 20:41:52'),
(29, 6, 4, '2024-03-07 20:41:52'),
(30, 6, 5, '2024-03-07 20:41:52'),
(31, 7, 1, '2024-03-07 20:41:52'),
(32, 7, 2, '2024-03-07 20:41:52'),
(33, 7, 3, '2024-03-07 20:41:52'),
(34, 7, 4, '2024-03-07 20:41:52'),
(35, 7, 5, '2024-03-07 20:41:52'),
(36, 8, 1, '2024-03-07 20:41:52'),
(37, 8, 2, '2024-03-07 20:41:52'),
(38, 8, 3, '2024-03-07 20:41:52'),
(39, 8, 4, '2024-03-07 20:41:52'),
(40, 8, 5, '2024-03-07 20:41:52'),
(41, 9, 1, '2024-03-07 20:41:52'),
(42, 9, 2, '2024-03-07 20:41:52'),
(43, 9, 3, '2024-03-07 20:41:52'),
(44, 9, 4, '2024-03-07 20:41:52'),
(45, 9, 5, '2024-03-07 20:41:52'),
(46, 10, 1, '2024-03-07 20:41:52'),
(47, 10, 2, '2024-03-07 20:41:52'),
(48, 10, 3, '2024-03-07 20:41:52'),
(49, 10, 4, '2024-03-07 20:41:52'),
(50, 10, 5, '2024-03-07 20:41:52'),
(51, 11, 1, '2024-03-07 20:41:52'),
(52, 11, 2, '2024-03-07 20:41:52'),
(53, 11, 3, '2024-03-07 20:41:52'),
(54, 11, 4, '2024-03-07 20:41:52'),
(55, 11, 5, '2024-03-07 20:41:52'),
(56, 12, 1, '2024-03-07 20:41:52'),
(57, 12, 2, '2024-03-07 20:41:52'),
(58, 12, 3, '2024-03-07 20:41:52'),
(59, 12, 4, '2024-03-07 20:41:52'),
(60, 12, 5, '2024-03-07 20:41:52'),
(61, 13, 1, '2024-03-07 20:41:52'),
(62, 13, 2, '2024-03-07 20:41:52'),
(63, 13, 3, '2024-03-07 20:41:52'),
(64, 13, 4, '2024-03-07 20:41:52'),
(65, 13, 5, '2024-03-07 20:41:52'),
(66, 14, 1, '2024-03-07 20:41:52'),
(67, 14, 2, '2024-03-07 20:41:52'),
(68, 14, 3, '2024-03-07 20:41:52'),
(69, 14, 4, '2024-03-07 20:41:52'),
(70, 14, 5, '2024-03-07 20:41:52'),
(71, 15, 1, '2024-03-07 20:41:52'),
(72, 15, 2, '2024-03-07 20:41:52'),
(73, 15, 3, '2024-03-07 20:41:52'),
(74, 15, 4, '2024-03-07 20:41:52'),
(75, 15, 5, '2024-03-07 20:41:52');

-- --------------------------------------------------------

--
-- Table structure for table `venue`
--

CREATE TABLE `venue` (
  `id` int(11) NOT NULL,
  `name` varchar(255) NOT NULL,
  `created` datetime NOT NULL DEFAULT current_timestamp()
) ENGINE=InnoDB DEFAULT CHARSET=utf8mb4 COLLATE=utf8mb4_general_ci;

--
-- Dumping data for table `venue`
--

INSERT INTO `venue` (`id`, `name`, `created`) VALUES
(1, 'Room 101', '2024-03-07 20:36:32'),
(2, 'Room 102', '2024-03-07 20:36:32'),
(3, 'Room 103', '2024-03-07 20:36:32'),
(4, 'Room 104', '2024-03-07 20:36:32'),
(5, 'Room 105', '2024-03-07 20:36:32'),
(6, 'Room 106', '2024-03-07 21:08:35'),
(7, 'Room 107\r\n', '2024-03-07 21:08:35'),
(8, 'Room 108', '2024-03-07 21:08:35'),
(9, 'Room 109', '2024-03-07 21:08:35'),
(10, 'Room 110', '2024-03-07 21:08:35');

--
-- Indexes for dumped tables
--

--
-- Indexes for table `assignment_main`
--
ALTER TABLE `assignment_main`
  ADD PRIMARY KEY (`id`);

--
-- Indexes for table `assignment_submit`
--
ALTER TABLE `assignment_submit`
  ADD PRIMARY KEY (`id`);

--
-- Indexes for table `attendance`
--
ALTER TABLE `attendance`
  ADD PRIMARY KEY (`id`);

--
-- Indexes for table `class`
--
ALTER TABLE `class`
  ADD PRIMARY KEY (`id`);

--
-- Indexes for table `lecturer`
--
ALTER TABLE `lecturer`
  ADD PRIMARY KEY (`id`);

--
-- Indexes for table `student`
--
ALTER TABLE `student`
  ADD PRIMARY KEY (`id`);

--
-- Indexes for table `subject`
--
ALTER TABLE `subject`
  ADD PRIMARY KEY (`id`);

--
-- Indexes for table `subject_enrol`
--
ALTER TABLE `subject_enrol`
  ADD PRIMARY KEY (`id`);

--
-- Indexes for table `venue`
--
ALTER TABLE `venue`
  ADD PRIMARY KEY (`id`);

--
-- AUTO_INCREMENT for dumped tables
--

--
-- AUTO_INCREMENT for table `assignment_main`
--
ALTER TABLE `assignment_main`
  MODIFY `id` int(11) NOT NULL AUTO_INCREMENT, AUTO_INCREMENT=6;

--
-- AUTO_INCREMENT for table `assignment_submit`
--
ALTER TABLE `assignment_submit`
  MODIFY `id` int(11) NOT NULL AUTO_INCREMENT, AUTO_INCREMENT=76;

--
-- AUTO_INCREMENT for table `class`
--
ALTER TABLE `class`
  MODIFY `id` int(11) NOT NULL AUTO_INCREMENT, AUTO_INCREMENT=23;

--
-- AUTO_INCREMENT for table `lecturer`
--
ALTER TABLE `lecturer`
  MODIFY `id` int(11) NOT NULL AUTO_INCREMENT, AUTO_INCREMENT=6;

--
-- AUTO_INCREMENT for table `student`
--
ALTER TABLE `student`
  MODIFY `id` int(11) NOT NULL AUTO_INCREMENT, AUTO_INCREMENT=16;

--
-- AUTO_INCREMENT for table `subject`
--
ALTER TABLE `subject`
  MODIFY `id` int(11) NOT NULL AUTO_INCREMENT, AUTO_INCREMENT=6;

--
-- AUTO_INCREMENT for table `subject_enrol`
--
ALTER TABLE `subject_enrol`
  MODIFY `id` int(11) NOT NULL AUTO_INCREMENT, AUTO_INCREMENT=76;

--
-- AUTO_INCREMENT for table `venue`
--
ALTER TABLE `venue`
  MODIFY `id` int(11) NOT NULL AUTO_INCREMENT, AUTO_INCREMENT=11;
COMMIT;

/*!40101 SET CHARACTER_SET_CLIENT=@OLD_CHARACTER_SET_CLIENT */;
/*!40101 SET CHARACTER_SET_RESULTS=@OLD_CHARACTER_SET_RESULTS */;
/*!40101 SET COLLATION_CONNECTION=@OLD_COLLATION_CONNECTION */;
